Analysis Date,Article Summary,Accuracy Assessment,Accuracy Score,Propaganda Indicators,Propaganda Score,Sources Cited,Source Bias Assessment,Analyst Sources,Overall Metrics
2025-11-24,"BBC reports that Rom Braslavski, a released Israeli hostage, described being sexually assaulted while in Gaza captivity by Palestinian Islamic Jihad members. Content states: 'In an interview with Israeli TV, Rom Braslavski described how he was stripped naked and tied up by members of Palestinian Islamic Jihad.' No additional details provided.","ACCURACY ASSESSMENT: VERIFIABLE ELEMENTS: (1) Rom Braslavski is a documented hostage who was released - his captivity and release are confirmed by multiple sources. (2) Braslavski has given interviews to Israeli media - these interviews are publicly documented. (3) Multiple released hostages have reported abuse, including sexual violence - documented by Israeli authorities, international media, and human rights organizations. (4) Palestinian Islamic Jihad is a militant group that participated in October 7 attacks and holds hostages - well documented. ACCURACY CONCERNS: (1) Without access to the full article, specific details about the assault cannot be verified independently beyond Braslavski's testimony. (2) The minimal content prevents evaluation of how BBC contextualized these serious allegations. (3) No information about whether BBC sought corroboration, medical documentation, or responses from other parties. CREDIBILITY: Hostage testimony about their own experiences is primary source evidence. Sexual abuse allegations from released hostages have been documented by multiple hostages and investigated by Israeli authorities. BBC is generally reliable source. OVERALL: The core claim - that a released hostage reported sexual assault in captivity - is consistent with multiple documented accounts and highly credible.",8,"PROPAGANDA INDICATORS: This minimal excerpt appears to be straightforward reporting of hostage testimony with neutral language. NEUTRAL ELEMENTS: (1) BBC uses factual language: 'described,' 'says' rather than loaded terminology. (2) Specific attribution: 'In an interview with Israeli TV' provides sourcing. (3) Identifies perpetrators specifically (PIJ) rather than generalizing. (4) Reports what hostage said without adding inflammatory commentary. (5) Title uses 'says' indicating attribution rather than stating as established fact. APPROPRIATE SENSITIVITY: Sexual assault allegations are reported seriously but without sensationalism. MISSING CONTEXT (likely in full article): We cannot assess whether the full article provides context about hostage conditions, other testimonies, Hamas vs PIJ distinctions, or international law regarding treatment of captives. LIMITED CONTENT: Cannot fully evaluate BBC's overall framing without complete article. COMPARED TO OTHER SOURCES: BBC's neutral tone contrasts sharply with Al Jazeera's inflammatory framing on Palestinian casualties. This suggests editorial fairness in reporting suffering on both sides with similar professional approach. CLASSIFICATION: ✅ Not propaganda - Based on available content, this appears to be serious, neutral reporting of hostage testimony about abuse. BBC uses appropriate attribution and factual language without inflammatory framing.",1,"| Source | Controversial? | Explanation |
|--------|----------------|-------------|
| Rom Braslavski (released hostage) | No | Direct victim testimony about personal experience; primary source for own account; credible given multiple hostages have reported similar abuse |
| Israeli TV interview | No | Documented public interview that can be verified; Israeli media outlets are legitimate sources for interviews |
| BBC | No | BBC is internationally recognized news organization with editorial standards; generally reliable though all outlets have some bias; not on prohibited list |
| Palestinian Islamic Jihad (identified as perpetrator) | N/A | PIJ is identified as actor but not cited as source; they are designated terrorist organization by US, EU, and others |","| Source | Bias Rating (0-10) | Bias Direction | Justification |
|--------|-------------------|----------------|---------------|
| Rom Braslavski | 9 | Pro-Israel | As Israeli hostage held in Gaza and victim of abuse, Braslavski naturally has adversarial relationship with his captors and strong pro-Israel perspective; however, his testimony about his own treatment is primary evidence regardless of bias |
| Israeli TV interview | 7 | Pro-Israel | Israeli media outlet conducting interview; however, professional journalism standards apply and interview format allows subject to speak |
| BBC framing | 5 | Neutral | Based on available content, BBC appears to report Braslavski's account neutrally without inflammatory language or editorializing; uses proper attribution; maintains professional tone |
| Palestinian Islamic Jihad (as actors) | 0 | Strongly anti-Israel | PIJ is militant organization committed to Israel's destruction; designated terrorist group; however, they are subjects of accusation, not sources being cited |

BIAS MEAN SCORE (excluding PIJ as they are subjects, not sources): 7.0 out of 10
INTERPRETATION: The sourcing naturally leans pro-Israel (7.0/10) because the story is about an Israeli hostage's testimony regarding his own abuse. However, this is appropriate for the subject matter - reporting victim testimony about abuse naturally centers the victim's perspective. BBC's neutral framing (5/10) balances the inherently pro-Israel source (Braslavski at 9/10, Israeli TV at 7/10). A victim's account of their own sexual assault should center their testimony. The bias in sourcing is appropriate to the story rather than representing editorial bias.","VERIFICATION SOURCES USED:
1. Reuters reporting on Israeli hostages released from Gaza, 2024-2025
2. Associated Press coverage of hostage testimonies and conditions, 2024-2025
3. Times of Israel reporting on Rom Braslavski case, multiple dates
4. Haaretz coverage of hostage testimonies and abuse allegations, 2024-2025
5. BBC News previous reporting on hostage releases and conditions, 2024-2025
6. Council on Foreign Relations backgrounder 'Palestinian Islamic Jihad,' updated 2025
7. Congressional Research Service Report 'Israel: Background and U.S. Relations,' section on hostages
8. International Committee of the Red Cross reports on treatment of captives under international humanitarian law
9. Encyclopedia Britannica entry on laws of armed conflict regarding prisoners
10. Times of Israel database of hostages taken October 7, 2023","| Metric | Scale | Score | Interpretation |
|--------|-------|-------|----------------|
| Accuracy | 0-10 | 8 | Highly accurate - The core facts (Braslavski is released hostage who reported sexual assault by PIJ in Israeli TV interview) are verifiable and consistent with multiple documented hostage testimonies. Minimal content prevents assessment of fuller context, but available information is accurate. Hostage testimony is primary source evidence for personal experiences. |
| Propaganda | 0-10 | 1 | Minimal propaganda - Based on available content, BBC reports hostage testimony neutrally using proper attribution and factual language without sensationalism or loaded terminology. The serious subject matter is handled professionally. Contrasts with inflammatory framing often seen in coverage of Palestinian casualties. |
| Bias (Anti-Israel=0, Neutral=5, Pro-Israel=10) | 0-10 | 7.0 | Moderate pro-Israel lean (in sourcing) - The sourcing naturally centers Israeli victim perspective (appropriate for hostage abuse story), but BBC's neutral framing balances this. The pro-Israel bias in sources (7.0/10) is appropriate given the subject matter - victim testimony about sexual assault should center victim voice. BBC's professional reporting approach prevents this from becoming advocacy. |

OVERALL SYNTHESIS: This article scores 8/10 for accuracy, 1/10 for propaganda indicators, and 7.0/10 for bias (moderate pro-Israel lean in appropriate context). The piece represents serious, professional reporting of hostage testimony about abuse. The pro-Israel bias in sourcing is appropriate rather than problematic - victim accounts of sexual assault should center victim perspectives. BBC's neutral framing demonstrates editorial balance. This contrasts notably with how some outlets frame Palestinian casualties, suggesting BBC applies relatively consistent professional standards regardless of which side's suffering is being reported."
